[
    { "name": "Zyphor", "power": 87, "alien": true },
    { "name": "Lucas", "power": 45, "alien": false },
    { "name": "Glorvax", "power": 92, "alien": true },
    { "name": "Emma", "power": 78, "alien": false },
    { "name": "Vorina", "power": 60, "alien": true },
    { "name": "Daniel", "power": 33, "alien": false },
    { "name": "Quorax", "power": 99, "alien": true },
    { "name": "Sofia", "power": 55, "alien": false },
    { "name": "Sarnok", "power": 72, "alien": true },
    { "name": "Mateo", "power": 80, "alien": false },
    { "name": "Fendral", "power": 21, "alien": true },
    { "name": "Ana", "power": 67, "alien": false },
    { "name": "Zentar", "power": 94, "alien": true },
    { "name": "Javier", "power": 39, "alien": false },
    { "name": "Graxor", "power": 88, "alien": true },
    { "name": "Lucía", "power": 47, "alien": false },
    { "name": "Nexor", "power": 74, "alien": true },
    { "name": "Carlos", "power": 53, "alien": false },
    { "name": "Xyphos", "power": 100, "alien": true },
    { "name": "María", "power": 25, "alien": false }
  ]